	id	rate
1001	1001	0.347801606103176
1003	1003	1
1005	1005	0.147048473168622
1007	1007	0.0511472950151729
1009	1009	0.103573272405725
1011	1011	0.0409178360121383
1013	1013	0.126589555162553
1015	1015	0.832422226371939
1017	1017	0.07544226014738
1019	1019	0.241670968946692
1021	1021	0.22632678044214
1023	1023	0.107409319531863
1025	1025	0.083114354399656
1027	1027	0.0166228708799312
1029	1029	0.102294590030346
1031	1031	0.488456667394901
1033	1033	0.205867862436071
1035	1035	0.0421965183875177
1037	1037	0.0779996248981387
1039	1039	0.617603587308213
1041	1041	0.0920651310273112
1043	1043	0.300490358214141
1045	1045	0.350358970853934
1047	1047	0.368260524109245
1049	1049	0.462883019887315
1051	1051	0.475669843641108
1053	1053	0.181572897303864
1055	1055	0.135540331790208
1057	1057	0.0242949651322071
1059	1059	0.155999249796277
1061	1061	0.210982591937588
1063	1063	0.0741635777720007
1065	1065	0.0460325655136556
1067	1067	0.0907864486519319
1069	1069	1
1071	1071	0.22632678044214
1073	1073	1
1075	1075	0.0473112478890349
1077	1077	0.35930974748159
1079	1079	0.166228708799312
1081	1081	1
1083	1083	0.303047722964899
1085	1085	0.0294096946337244
1087	1087	0.152163202670139
1089	1089	1
1091	1091	0.0984585429042078
1093	1093	0.153441885045519
1095	1095	0.460325655136556
1097	1097	1
1099	1099	0.0460325655136556
1101	1101	0.803012531738215
1103	1103	0.294096946337244
1105	1105	0
1107	1107	0.0281310122583451
1109	1109	0.18924499155614
1111	1111	0.141933743667105
1113	1113	0.618882269683592
1115	1115	0.212261274312968
1117	1117	0.902749757017802
1119	1119	0.0370817888860004
1121	1121	0.806848578864353
1123	1123	0.122753508036415
1125	1125	1
1127	1127	0.299211675838762
1129	1129	0.0652128011443455
1131	1131	0.0332457417598624
1133	1133	0.227605462817519
2013	2013	0.0409178360121383
2016	2016	0.171343438300829
2020	2020	1
2050	2050	1
2060	2060	0.0153441885045519
2068	2068	0.00383604712613797
2070	2070	0.439866737130487
2090	2090	1
2100	2100	0.00895077662765526
2105	2105	0.210982591937588
2110	2110	0.608652810680558
2122	2122	1
2130	2130	0.374653935986142
2150	2150	0.369539206484624
2164	2164	0.219933368565244
2170	2170	1
2180	2180	0.861831921005664
2185	2185	0.735242365843111
2188	2188	0.581800480797592
2195	2195	0.186687626805381
2198	2198	0.139376378916346
2220	2220	0.489735349770281
2230	2230	0.0179015532553105
2240	2240	0.0997372252795872
2261	2261	0.227605462817519
2270	2270	0.979470699540561
2275	2275	0.126589555162553
2282	2282	0.0255736475075865
2290	2290	0.404063630619866
4001	4001	0.35930974748159
4003	4003	1
4005	4005	1
4007	4007	0.800455166987456
4009	4009	0.222490733316002
4011	4011	0.115081413784139
4012	4012	0.265965934078899
4013	4013	1
4015	4015	1
4017	4017	0.663636152821868
4019	4019	1
4021	4021	1
4023	4023	0.28386748733421
4025	4025	1
4027	4027	1
5001	5001	0.122753508036415
5003	5003	0.406620995370625
5005	5005	0.162392661673174
5007	5007	1
5009	5009	0.172622120676209
5011	5011	0.120196143285656
5013	5013	0.0230162827568278
5015	5015	0.109966684282622
5017	5017	0.225048098066761
5019	5019	0.345244241352417
5021	5021	0.101015907654966
5023	5023	0.265965934078899
5025	5025	0.0370817888860004
5027	5027	0.318391911469451
5029	5029	0.173900803051588
5031	5031	0.713504765461662
5033	5033	0.125310872787174
5035	5035	0.525538456280902
5037	5037	0.0652128011443455
5039	5039	0.0409178360121383
5041	5041	0.470555114139591
5043	5043	0.258293839826623
5045	5045	0.776160201855249
5047	5047	0.0511472950151729
5049	5049	0.0562620245166902
5051	5051	0.649570646692696
5053	5053	0.111245366658001
5055	5055	0.43347332525359
5057	5057	0.305605087715658
5059	5059	0.153441885045519
5061	5061	0.134261649414829
5063	5063	0.118917460910277
5065	5065	0.0460325655136556
5067	5067	0.0677701658951041
5069	5069	0.79278307273518
5071	5071	0.205867862436071
5073	5073	0.179015532553105
5075	5075	0.120196143285656
5077	5077	0.0306883770091037
5079	5079	0.276195393081934
5081	5081	0.102294590030346
5083	5083	0.120196143285656
5085	5085	0.506358220650212
5087	5087	0.043475200762897
5089	5089	0.0869504015257939
5091	5091	0.383604712613797
5093	5093	0.525538456280902
5095	5095	0.0153441885045519
5097	5097	0.00511472950151729
5099	5099	0.0447538831382763
5101	5101	0.00895077662765526
5103	5103	0.163671344048553
5105	5105	0.0524259773905522
5107	5107	0.0255736475075865
5109	5109	0.143212426042484
5111	5111	0.0716062130212421
5113	5113	0.0971798605288285
5115	5115	0.530653185782419
5117	5117	0.035803106510621
5119	5119	1
5121	5121	0.15088452029476
5123	5123	0.0959011781534492
5125	5125	0.326064005721727
5127	5127	0.0716062130212421
5129	5129	0
5131	5131	0.942388910654561
5133	5133	0.0856717191504146
5135	5135	0.172622120676209
5137	5137	0.223769415691381
5139	5139	0.572849704169937
5141	5141	0.360588429856969
5143	5143	1
5145	5145	0.231441509943657
5147	5147	0.0549833421413109
5149	5149	0.0984585429042078
6001	6001	1
6003	6003	0
6005	6005	0.249343063198968
6007	6007	1
6009	6009	0.217376003814485
6011	6011	0.11380273140876
6013	6013	1
6015	6015	0.363145794607728
6017	6017	1
6019	6019	1
6021	6021	0.203310497685312
6023	6023	1
6025	6025	1
6027	6027	0.590751257425247
6029	6029	1
6031	6031	1
6033	6033	0.456489608010418
6035	6035	0.18924499155614
6037	6037	1
6039	6039	1
6041	6041	1
6043	6043	0.287703534460348
6045	6045	0.845209050125732
6047	6047	1
6049	6049	0.171343438300829
6051	6051	0.521702409154764
6053	6053	1
6055	6055	1
6057	6057	0.834979591122698
6059	6059	1
6061	6061	1
6063	6063	0.0537046597659316
6065	6065	1
6067	6067	1
6069	6069	0.589472575049868
6071	6071	1
6073	6073	1
6075	6075	1
6077	6077	1
6079	6079	1
6081	6081	1
6083	6083	1
6085	6085	1
6087	6087	1
6089	6089	1
6091	6091	0.035803106510621
6093	6093	0.386162077364555
6095	6095	1
6097	6097	1
6099	6099	1
6101	6101	0.884848203762491
6103	6103	0.708390035960145
6105	6105	0.216097321439106
6107	6107	1
6109	6109	0.391276806866073
6111	6111	1
6113	6113	1
6115	6115	0.675144294200282
8001	8001	1
8003	8003	0.195638403433036
8005	8005	1
8007	8007	0.101015907654966
8009	8009	0.0370817888860004
8011	8011	0.0191802356306898
8013	8013	1
8014	8014	0.745471824846145
8015	8015	0.421965183875177
8017	8017	0.0102294590030346
8019	8019	0.079278307273518
8021	8021	0.0728848953966214
8023	8023	0.0217376003814485
8025	8025	0.0447538831382763
8027	8027	0
8029	8029	0.300490358214141
8031	8031	1
8033	8033	0.00767209425227594
8035	8035	1
8037	8037	0.60481676355442
8039	8039	0.186687626805381
8041	8041	1
8043	8043	0.326064005721727
8045	8045	0.810684625990491
8047	8047	0.0230162827568278
8049	8049	0.135540331790208
8051	8051	1
8053	8053	0.0485899302644143
8055	8055	0.0779996248981387
8057	8057	0.0166228708799312
8059	8059	1
8061	8061	0.00639341187689661
8063	8063	0.0460325655136556
8065	8065	0.0639341187689661
8067	8067	1
8069	8069	1
8071	8071	0.0997372252795872
8073	8073	0.0268523298829658
8075	8075	0.319670593844831
8077	8077	1
8079	8079	0.00255736475075865
8081	8081	0.0984585429042078
8083	8083	0.225048098066761
8085	8085	0.3772113007369
8087	8087	0.180294214928484
8089	8089	0.257015157451244
8091	8091	0.0767209425227594
8093	8093	0.0639341187689661
8095	8095	0.039639153636759
8097	8097	0.676422976575662
8099	8099	0.230162827568278
8101	8101	1
8103	8103	0.0959011781534492
8105	8105	0.07544226014738
8107	8107	0.694324529830972
8109	8109	0.125310872787174
8111	8111	0.0575407068920695
8113	8113	0.319670593844831
8115	8115	0.0179015532553105
8117	8117	0.671308247074144
8119	8119	0.149605837919381
8121	8121	0.0460325655136556
8123	8123	1
8125	8125	0.0971798605288285
9001	9001	1
9003	9003	1
9005	9005	0.776160201855249
9007	9007	1
9009	9009	1
9011	9011	1
9013	9013	0.714783447837041
9015	9015	0.50891558540097
10001	10001	1
10003	10003	1
10005	10005	1
11001	11001	1
12001	12001	1
12003	12003	0.0268523298829658
12005	12005	1
12007	12007	0.0549833421413109
12009	12009	1
12011	12011	1
12013	12013	0.135540331790208
12015	12015	1
12017	12017	1
12019	12019	1
12021	12021	1
12023	12023	0.548554739037729
12027	12027	0.280031440208072
12029	12029	0.122753508036415
12031	12031	1
12033	12033	1
12035	12035	0.901471074642422
12037	12037	0.129146919913312
12039	12039	0.465440384638073
12041	12041	0.0473112478890349
12043	12043	0.0294096946337244
12045	12045	0.0959011781534492
12047	12047	0.140655061291726
12049	12049	0.583079163172971
12051	12051	0.526817138656281
12053	12053	1
12055	12055	0.904028439393181
12057	12057	1
12059	12059	0.0664914835197248
12061	12061	1
12063	12063	0.265965934078899
12065	12065	0.0549833421413109
12067	12067	0.0971798605288285
12069	12069	1
12071	12071	1
12073	12073	1
12075	12075	0.331178735223245
12077	12077	0.0370817888860004
12079	12079	0.562620245166902
12081	12081	1
12083	12083	1
12085	12085	1
12086	12086	1
12087	12087	1
12089	12089	1
12091	12091	1
12093	12093	0.288982216835727
12095	12095	1
12097	12097	1
12099	12099	1
12101	12101	1
12103	12103	1
12105	12105	1
12107	12107	0.586915210299109
12109	12109	1
12111	12111	1
12113	12113	1
12115	12115	1
12117	12117	1
12119	12119	1
12121	12121	0.250621745574347
12123	12123	0.079278307273518
12125	12125	0.039639153636759
12127	12127	1
12129	12129	0.177736850177726
12131	12131	1
12133	12133	0.251900427949727
13001	13001	0.7544226014738
13003	13003	0.0652128011443455
13005	13005	0.13298296703945
13007	13007	0.0907864486519319
13009	13009	0.592029939800626
13011	13011	0.0690488482704834
13013	13013	0.3401295118509
13015	13015	0.938552863528423
13017	13017	0.199474450559174
13019	13019	0.103573272405725
13021	13021	1
13023	13023	0.0345244241352417
13025	13025	0.141933743667105
13027	13027	0.0869504015257939
13029	13029	0.597144669302144
13031	13031	0.429637278127452
13033	13033	0.168786073550071
13035	13035	0.0882290839011733
13037	13037	0.0230162827568278
13039	13039	0.384883394989176
13043	13043	0.143212426042484
13045	13045	0.870782697633319
13047	13047	0.410457042496763
13049	13049	0.0882290839011733
13051	13051	1
13053	13053	0.216097321439106
13055	13055	0.07544226014738
13057	13057	1
13059	13059	1
13061	13061	0.00895077662765526
13063	13063	1
13065	13065	0.349080288478555
13067	13067	1
13069	13069	1
13071	13071	0.323506640970969
13073	13073	0.777438884230628
13075	13075	0.148327155544001
13077	13077	0.558784198040764
13079	13079	0.0242949651322071
13081	13081	0.181572897303864
13083	13083	0.0242949651322071
13085	13085	0.0946224957780699
13087	13087	0.994814888045113
13089	13089	1
13091	13091	0.0677701658951041
13093	13093	0.331178735223245
13095	13095	0.485899302644143
13097	13097	0.540882644785453
13099	13099	0.141933743667105
13101	13101	0.180294214928484
13103	13103	0.253179110325106
13105	13105	0.0511472950151729
13107	13107	0.634226458188144
13109	13109	0.522981091530143
13111	13111	0.0907864486519319
13113	13113	1
13115	13115	0.806848578864353
13117	13117	1
13119	13119	0.210982591937588
13121	13121	1
13123	13123	0.286424852084968
13125	13125	0.00767209425227594
13127	13127	1
13129	13129	0.662357470446489
13131	13131	0.537046597659316
13133	13133	0.0562620245166902
13135	13135	1
13137	13137	0.17006475592545
13139	13139	1
13141	13141	0.0460325655136556
13143	13143	0.120196143285656
13145	13145	0.51019426777635
13147	13147	0.0511472950151729
13149	13149	0.0281310122583451
13151	13151	0.930880769276147
13153	13153	0.865667968131801
13155	13155	0.0741635777720007
13157	13157	0.400227583493728
13159	13159	0.15088452029476
13161	13161	0.205867862436071
13163	13163	0.127868237537932
13165	13165	0
13167	13167	0.384883394989176
13169	13169	0.0933438134026906
13171	13171	0.0204589180060692
13173	13173	0.363145794607728
13175	13175	0.210982591937588
13177	13177	0.135540331790208
13179	13179	1
13181	13181	0.0153441885045519
13183	13183	0.297932993463382
13185	13185	1
13187	13187	0.141933743667105
13189	13189	0.204589180060692
13191	13191	0.0779996248981387
13193	13193	0.0728848953966214
13195	13195	0.116360096159518
13197	13197	0.0869504015257939
13199	13199	0.117638778534898
13201	13201	0.15088452029476
13205	13205	0.457768290385798
13207	13207	0.129146919913312
13209	13209	0.129146919913312
13211	13211	0.129146919913312
13213	13213	0.0907864486519319
13215	13215	1
13217	13217	0.365703159358486
13219	13219	0.184130262054622
13221	13221	0.0856717191504146
13223	13223	0.685373753203317
13225	13225	0.313277181967934
13227	13227	0.117638778534898
13229	13229	0.127868237537932
13231	13231	0.0690488482704834
13233	13233	0.231441509943657
13235	13235	0.0140655061291725
13237	13237	0.161113979297795
13239	13239	0.0281310122583451
13241	13241	0.0869504015257939
13243	13243	0.0703275306458628
13245	13245	1
13247	13247	0.978192017165182
13249	13249	0.0498686126397936
13251	13251	0.0703275306458628
13253	13253	0.0511472950151729
13255	13255	0.485899302644143
13257	13257	0.0268523298829658
13259	13259	0.0127868237537932
13261	13261	0.237834921820554
13263	13263	0.239113604195933
13265	13265	0.0537046597659316
13267	13267	0.718619494963179
13269	13269	0.0345244241352417
13271	13271	0.0805569896488973
13273	13273	0.0281310122583451
13275	13275	0.567734974668419
13277	13277	0.278752757832692
13279	13279	0.176458167802347
13281	13281	0.0153441885045519
13283	13283	0
13285	13285	1
13287	13287	0.0639341187689661
13289	13289	0
13291	13291	0.130425602288691
13293	13293	0.241670968946692
13295	13295	0.138097696540967
13297	13297	0.542161327160833
13299	13299	0.11380273140876
13301	13301	0.0127868237537932
13303	13303	0.141933743667105
13305	13305	0.429637278127452
13307	13307	0
13309	13309	0.0255736475075865
13311	13311	0.0600980716428282
13313	13313	1
13315	13315	0.0294096946337244
13317	13317	0.00767209425227594
13319	13319	0.0294096946337244
13321	13321	0.101015907654966
15001	15001	1
15003	15003	1
15005	15005	0.0204589180060692
15007	15007	0.912979216020836
15009	15009	1
16001	16001	1
16003	16003	0.0690488482704834
16005	16005	0.94494627540532
16007	16007	0.0409178360121383
16009	16009	0.145769790793243
16011	16011	0.421965183875177
16013	16013	0.430915960502832
16015	16015	0.0907864486519319
16017	16017	0.799176484612077
16019	16019	1
16021	16021	0.0690488482704834
16023	16023	0
16025	16025	0.0102294590030346
16027	16027	1
16029	16029	0.0345244241352417
16031	16031	0.379768665487659
16033	16033	0.0281310122583451
16035	16035	0.0613767540182075
16037	16037	0.0537046597659316
16039	16039	0.254457792700485
16041	16041	0.11252404903338
16043	16043	0.0447538831382763
16045	16045	0.228884145192899
16047	16047	0.168786073550071
16049	16049	0.101015907654966
16051	16051	0.191802356306898
16053	16053	0.144491108417863
16055	16055	1
16057	16057	1
16059	16059	0.15088452029476
16061	16061	0.039639153636759
16063	16063	0.0511472950151729
16065	16065	0.92448735739925
16067	16067	0.0959011781534492
16069	16069	0.561341562791523
16071	16071	0.00639341187689661
16073	16073	0.11380273140876
16075	16075	0.28258880495883
16077	16077	0.0306883770091037
16079	16079	0.116360096159518
16081	16081	0.120196143285656
16083	16083	0.846487732501112
16085	16085	0.248064380823589
16087	16087	0.159835296922415
17001	17001	0.497407444022557
17003	17003	0.0741635777720007
17005	17005	0.0818356720242766
17007	17007	0.526817138656281
17009	17009	0.0779996248981387
17011	17011	0.218654686189864
17013	17013	0.0537046597659316
17015	17015	0.07544226014738
17017	17017	0.0652128011443455
17019	17019	1
17021	17021	0.149605837919381
17023	17023	0.127868237537932
17025	17025	0.117638778534898
17027	17027	0.223769415691381
17029	17029	0.423243866250556
17031	17031	1
17033	17033	0.17006475592545
17035	17035	0.0728848953966214
17037	17037	0.94494627540532
17039	17039	0.0703275306458628
17041	17041	0.577964433671454
17043	17043	1
17045	17045	0.11380273140876
17047	17047	0.0652128011443455
17049	17049	0.363145794607728
17051	17051	0.281310122583451
17053	17053	0.0639341187689661
17055	17055	0.22632678044214
17057	17057	0.231441509943657
17059	17059	0.0370817888860004
17061	17061	0.0843930367750353
17063	17063	0.292818263961865
17065	17065	0.00127868237537932
17067	17067	0.07544226014738
17069	17069	0.0217376003814485
17071	17071	0.0204589180060692
17073	17073	0.309441134841796
17075	17075	0.244228333697451
17077	17077	0.842651685374974
17079	17079	0.0447538831382763
17081	17081	0.457768290385798
17083	17083	0.0716062130212421
17085	17085	0.135540331790208
17087	17087	0.039639153636759
17089	17089	1
17091	17091	0.790225707984421
17093	17093	0.751865236723042
17095	17095	0.517866362028626
17097	17097	1
17099	17099	0.828586179245801
17101	17101	0.0920651310273112
17103	17103	0.172622120676209
17105	17105	0.202031815309933
17107	17107	0.213539956688347
17109	17109	0.43475200762897
17111	17111	1
17113	17113	1
17115	17115	1
17117	17117	0.22632678044214
17119	17119	1
17121	17121	0.410457042496763
17123	17123	0.101015907654966
17125	17125	0.138097696540967
17127	17127	0.124032190411794
17129	17129	0.0575407068920695
17131	17131	0.139376378916346
17133	17133	0.0447538831382763
17135	17135	0.118917460910277
17137	17137	0.327342688097107
17139	17139	0.50891558540097
17141	17141	0.322227958595589
17143	17143	1
17145	17145	0.0907864486519319
17147	17147	0.11380273140876
17149	17149	0.194359721057657
17151	17151	0.0191802356306898
17153	17153	0
17155	17155	0.0179015532553105
17157	17157	0.13298296703945
17159	17159	0.162392661673174
17161	17161	1
17163	17163	1
17165	17165	0.179015532553105
17167	17167	1
17169	17169	0.0294096946337244
17171	17171	0.00895077662765526
17173	17173	0.083114354399656
17175	17175	0.0306883770091037
17177	17177	0.364424476983107
17179	17179	0.577964433671454
17181	17181	0.0728848953966214
17183	17183	0.50891558540097
17185	17185	0.200753132934554
17187	17187	0.195638403433036
17189	17189	0.0741635777720007
17191	17191	0.109966684282622
17193	17193	0.0805569896488973
17195	17195	0.668750882323386
17197	17197	1
17199	17199	0.374653935986142
17201	17201	1
17203	17203	0.345244241352417
18001	18001	0.318391911469451
18003	18003	1
18005	18005	0.942388910654561
18007	18007	0.0332457417598624
18009	18009	0.0485899302644143
18011	18011	0.727570271590835
18013	18013	0.0626554363935868
18015	18015	0.0971798605288285
18017	18017	0.488456667394901
18019	18019	0.502522173524074
18021	18021	0.127868237537932
18023	18023	0.494850079271798
18025	18025	0.0895077662765526
18027	18027	0.259572522202002
18029	18029	0.271080663580416
18031	18031	0.204589180060692
18033	18033	0.397670218742969
18035	18035	0.872061380008698
18037	18037	0.180294214928484
18039	18039	1
18041	18041	0.296654311088003
18043	18043	0.254457792700485
18045	18045	0.0920651310273112
18047	18047	0.136819014165588
18049	18049	0.231441509943657
18051	18051	0.0971798605288285
18053	18053	0.49101403214566
18055	18055	0.230162827568278
18057	18057	1
18059	18059	0.217376003814485
18061	18061	0.262129886952761
18063	18063	1
18065	18065	0.272359345955796
18067	18067	0.760816013350697
18069	18069	0.186687626805381
18071	18071	0.907864486519319
18073	18073	0.286424852084968
18075	18075	0.205867862436071
18077	18077	0.180294214928484
18079	18079	0.271080663580416
18081	18081	0.721176859713938
18083	18083	0.168786073550071
18085	18085	0.756979966224559
18087	18087	1
18089	18089	1
18091	18091	0.629111728686627
18093	18093	0.158556614547036
18095	18095	0.77488151947987
18097	18097	1
18099	18099	0.708390035960145
18101	18101	0.0242949651322071
18103	18103	0.346522923727796
18105	18105	1
18107	18107	0.223769415691381
18109	18109	0.627833046311247
18111	18111	0.0843930367750353
18113	18113	0.608652810680558
18115	18115	0.0409178360121383
18117	18117	0.167507391174691
18119	18119	0.176458167802347
18121	18121	0.154720567420898
18123	18123	0.0920651310273112
18125	18125	0.0549833421413109
18127	18127	0.700717941707869
18129	18129	0.102294590030346
18131	18131	0.118917460910277
18133	18133	0.299211675838762
18135	18135	0.230162827568278
18137	18137	0.265965934078899
18139	18139	0.0102294590030346
18141	18141	1
18143	18143	0.116360096159518
18145	18145	0.483341937893384
18147	18147	0.0524259773905522
18149	18149	0.0600980716428282
18151	18151	0.26468725170352
18153	18153	0.237834921820554
18155	18155	0.0613767540182075
18157	18157	1
18159	18159	0.0805569896488973
18161	18161	0.0370817888860004
18163	18163	1
18165	18165	0.0153441885045519
18167	18167	1
18169	18169	0.210982591937588
18171	18171	0.0370817888860004
18173	18173	0.378489983112279
18175	18175	0.306883770091037
18177	18177	0.668750882323386
18179	18179	0.374653935986142
18181	18181	0.140655061291726
18183	18183	0.155999249796277
19001	19001	0.0447538831382763
19003	19003	0.0895077662765526
19005	19005	0.122753508036415
19007	19007	0.0421965183875177
19009	19009	0.0153441885045519
19011	19011	0.45393224325966
19013	19013	0.904028439393181
19015	19015	0.101015907654966
19017	19017	0.0895077662765526
19019	19019	0.122753508036415
19021	19021	0.163671344048553
19023	19023	0.0652128011443455
19025	19025	0.0882290839011733
19027	19027	0.153441885045519
19029	19029	0.175179485426967
19031	19031	0.0869504015257939
19033	19033	0.400227583493728
19035	19035	0.0677701658951041
19037	19037	0.139376378916346
19039	19039	0.0127868237537932
19041	19041	0.190523673931519
19043	19043	0.0856717191504146
19045	19045	0.292818263961865
19047	19047	0.0716062130212421
19049	19049	0.389998124490693
19051	19051	0.11252404903338
19053	19053	0.0907864486519319
19055	19055	0.11380273140876
19057	19057	0.545997374286971
19059	19059	0.109966684282622
19061	19061	0.462883019887315
19063	19063	0.410457042496763
19065	19065	0.18796630918076
19067	19067	0.18924499155614
19069	19069	0.0549833421413109
19071	19071	0.0920651310273112
19073	19073	0.0703275306458628
19075	19075	0.107409319531863
19077	19077	0.0613767540182075
19079	19079	0.155999249796277
19081	19081	0.13170428466407
19083	19083	0.176458167802347
19085	19085	0.0473112478890349
19087	19087	0.116360096159518
19089	19089	0.0549833421413109
19091	19091	0.0946224957780699
19093	19093	0.0537046597659316
19095	19095	0.0626554363935868
19097	19097	0.0856717191504146
19099	19099	0.366981841733866
19101	19101	0.277474075457313
19103	19103	1
19105	19105	0.125310872787174
19107	19107	0.0460325655136556
19109	19109	0.124032190411794
19111	19111	0.20842522718683
19113	19113	1
19115	19115	0.120196143285656
19117	19117	0.0728848953966214
19119	19119	0.0767209425227594
19121	19121	0.0703275306458628
19123	19123	0.15088452029476
19125	19125	0.303047722964899
19127	19127	0.461604337511935
19129	19129	0.103573272405725
19131	19131	0.108688001907242
19133	19133	0.126589555162553
19135	19135	0.0230162827568278
19137	19137	0.0767209425227594
19139	19139	0.253179110325106
19141	19141	0.296654311088003
19143	19143	0.0191802356306898
19145	19145	0.157277932171657
19147	19147	0.0818356720242766
19149	19149	0.281310122583451
19151	19151	0.104851954781104
19153	19153	1
19155	19155	0.563898927542281
19157	19157	0.153441885045519
19159	19159	0.0779996248981387
19161	19161	0.0345244241352417
19163	19163	0.978192017165182
19165	19165	0.0946224957780699
19167	19167	0.414293089622901
19169	19169	1
19171	19171	0.108688001907242
19173	19173	0.0511472950151729
19175	19175	0.0946224957780699
19177	19177	0.0294096946337244
19179	19179	0.343965558977038
19181	19181	0.186687626805381
19183	19183	0.213539956688347
19185	19185	0.0409178360121383
19187	19187	0.335014782349383
19189	19189	0.104851954781104
19191	19191	0.281310122583451
19193	19193	1
19195	19195	0.0230162827568278
19197	19197	0.176458167802347
20001	20001	0.0805569896488973
20003	20003	0.0946224957780699
20005	20005	0.0588193892674488
20007	20007	0.0166228708799312
20009	20009	0.198195768183795
20011	20011	0.079278307273518
20013	20013	0.116360096159518
20015	20015	0.446260149007384
20017	20017	0.0319670593844831
20019	20019	0.0242949651322071
20021	20021	0.18924499155614
20023	20023	0.0166228708799312
20025	20025	0.0242949651322071
20027	20027	0.083114354399656
20029	20029	0.0805569896488973
20031	20031	0.0255736475075865
20033	20033	0.0115081413784139
20035	20035	0.259572522202002
20037	20037	0.310719817217175
20039	20039	0.0319670593844831
20041	20041	0.163671344048553
20043	20043	0.0460325655136556
20045	20045	1
20047	20047	0.0242949651322071
20049	20049	0.00767209425227594
20051	20051	0.219933368565244
20053	20053	0.0498686126397936
20055	20055	0.45265356088428
20057	20057	0.280031440208072
20059	20059	0.250621745574347
20061	20061	0.872061380008698
20063	20063	0.0153441885045519
20065	20065	0.00639341187689661
20067	20067	0.0639341187689661
20069	20069	0.0984585429042078
20071	20071	0.00255736475075865
20073	20073	0.0127868237537932
20075	20075	0.0268523298829658
20077	20077	0.0409178360121383
20079	20079	0.517866362028626
20081	20081	0.0204589180060692
20083	20083	0.0332457417598624
20085	20085	0.0242949651322071
20087	20087	0.07544226014738
20089	20089	0.043475200762897
20091	20091	1
20093	20093	0
20095	20095	0.0613767540182075
20097	20097	0.0703275306458628
20099	20099	0.145769790793243
20101	20101	0.0370817888860004
20103	20103	0.676422976575662
20105	20105	0.0140655061291725
20107	20107	0.0191802356306898
20109	20109	0.0485899302644143
20111	20111	0.250621745574347
20113	20113	0.404063630619866
20115	20115	0.138097696540967
20117	20117	0.0933438134026906
20119	20119	0.0255736475075865
20121	20121	0.155999249796277
20123	20123	0.0895077662765526
20125	20125	0.369539206484624
20127	20127	0.0217376003814485
20129	20129	0.00895077662765526
20131	20131	0.157277932171657
20133	20133	0.28386748733421
20135	20135	0.039639153636759
20137	20137	0.00383604712613797
20139	20139	0.0664914835197248
20141	20141	0.0191802356306898
20143	20143	0.0473112478890349
20145	20145	0.0779996248981387
20147	20147	0.035803106510621
20149	20149	0.196917085808416
20151	20151	0.107409319531863
20153	20153	0.0306883770091037
20155	20155	0.790225707984421
20157	20157	0.155999249796277
20159	20159	0.0562620245166902
20161	20161	0.676422976575662
20163	20163	0.035803106510621
20165	20165	0.0204589180060692
20167	20167	0.0115081413784139
20169	20169	0.907864486519319
20171	20171	0.0383604712613797
20173	20173	1
20175	20175	0.402784948244487
20177	20177	1
20179	20179	0.0127868237537932
20181	20181	0.0549833421413109
20183	20183	0.0447538831382763
20185	20185	0.0204589180060692
20187	20187	0
20189	20189	0.0179015532553105
20191	20191	0.124032190411794
20193	20193	0.108688001907242
20195	20195	0.0127868237537932
20197	20197	0.0485899302644143
20199	20199	0.00511472950151729
20201	20201	0.035803106510621
20203	20203	0.00895077662765526
20205	20205	0.035803106510621
20207	20207	0.0204589180060692
20209	20209	1
21001	21001	0.154720567420898
21003	21003	0.272359345955796
21005	21005	0.0946224957780699
21007	21007	0.0856717191504146
21009	21009	0.198195768183795
21011	21011	0.0997372252795872
21013	21013	0.0639341187689661
21015	21015	0.884848203762491
21017	21017	0.0524259773905522
21019	21019	0.28258880495883
21021	21021	0.155999249796277
21023	21023	0.0447538831382763
21025	21025	0.00255736475075865
21027	21027	0.286424852084968
21029	21029	0.17006475592545
21031	21031	0.0511472950151729
21033	21033	0.176458167802347
21035	21035	0.233998874694416
21037	21037	0.402784948244487
21039	21039	0.0319670593844831
21041	21041	0.164950026423933
21043	21043	0.0946224957780699
21045	21045	0.28386748733421
21047	21047	0.556226833290005
21049	21049	0.104851954781104
21051	21051	0.116360096159518
21053	21053	0.0102294590030346
21055	21055	0.0230162827568278
21057	21057	0.0306883770091037
21059	21059	0.503800855899453
21061	21061	0.0984585429042078
21063	21063	0.0460325655136556
21065	21065	0.00639341187689661
21067	21067	1
21069	21069	0.0524259773905522
21071	21071	0.0383604712613797
21073	21073	0.260851204577382
21075	21075	0.039639153636759
21077	21077	0.0600980716428282
21079	21079	0.0383604712613797
21081	21081	0.195638403433036
21083	21083	0.172622120676209
21085	21085	0.154720567420898
21087	21087	0.103573272405725
21089	21089	0.111245366658001
21091	21091	0.0421965183875177
21093	21093	0.719898177338559
21095	21095	0.218654686189864
21097	21097	0.0549833421413109
21099	21099	0.0907864486519319
21101	21101	0.203310497685312
21103	21103	0.083114354399656
21105	21105	0.0805569896488973
21107	21107	0.26468725170352
21109	21109	0.0677701658951041
21111	21111	1
21113	21113	0.138097696540967
21115	21115	0.035803106510621
21117	21117	0.609931493055937
21119	21119	0.0626554363935868
21121	21121	0
21123	21123	0.0370817888860004
21125	21125	0.164950026423933
21127	21127	0.0191802356306898
21129	21129	0.0703275306458628
21131	21131	0.0179015532553105
21133	21133	0.18796630918076
21135	21135	0.144491108417863
21137	21137	0.0485899302644143
21139	21139	0.0767209425227594
21141	21141	0.314555864343313
21143	21143	0.0242949651322071
21145	21145	0.594587304551385
21147	21147	0.0549833421413109
21149	21149	0.0716062130212421
21151	21151	0.795340437485939
21153	21153	0.0102294590030346
21155	21155	0.17006475592545
21157	21157	0.135540331790208
21159	21159	0.0115081413784139
21161	21161	0.121474825661036
21163	21163	0.15088452029476
21165	21165	0.0166228708799312
21167	21167	0.0664914835197248
21169	21169	0.0281310122583451
21171	21171	0.0332457417598624
21173	21173	0.0895077662765526
21175	21175	0
21177	21177	0.235277557069795
21179	21179	0.233998874694416
21181	21181	0
21183	21183	0.083114354399656
21185	21185	0.11380273140876
21187	21187	0.0242949651322071
21189	21189	0
21191	21191	0.0383604712613797
21193	21193	0.117638778534898
21195	21195	0.204589180060692
21197	21197	0.0524259773905522
21199	21199	0.328621370472486
21201	21201	0
21203	21203	0.0805569896488973
21205	21205	0.101015907654966
21207	21207	0.319670593844831
21209	21209	0.179015532553105
21211	21211	0.102294590030346
21213	21213	0.126589555162553
21215	21215	0.0984585429042078
21217	21217	0.134261649414829
21219	21219	0.199474450559174
21221	21221	0.0537046597659316
21223	21223	0.0473112478890349
21225	21225	0.0716062130212421
21227	21227	0.694324529830972
21229	21229	0.0588193892674488
21231	21231	0.0204589180060692
21233	21233	0.0728848953966214
21235	21235	0.0728848953966214
21237	21237	0.0166228708799312
21239	21239	0.108688001907242
22001	22001	0.543440009536212
22003	22003	0.221212050940623
22005	22005	0.77488151947987
22007	22007	0.326064005721727
22009	22009	0.130425602288691
22011	22011	0.539603962410074
22013	22013	0.102294590030346
22015	22015	1
22017	22017	1
22019	22019	1
22021	22021	0.111245366658001
22023	22023	0.107409319531863
22025	22025	0.20714654481145
22027	22027	0.230162827568278
22029	22029	0.176458167802347
22031	22031	0.143212426042484
22033	22033	1
22035	22035	0.039639153636759
22037	22037	0.140655061291726
22039	22039	0.222490733316002
22041	22041	0.180294214928484
22043	22043	0.158556614547036
22045	22045	0.54727605666235
22047	22047	0.199474450559174
22049	22049	0.148327155544001
22051	22051	1
22053	22053	0.420686501499797
22055	22055	1
22057	22057	1
22059	22059	0.230162827568278
22061	22061	0.388719442115314
22063	22063	0.827307496870422
22065	22065	0.0895077662765526
22067	22067	0.222490733316002
22069	22069	0.416850454373659
22071	22071	1
22073	22073	0.966683875786768
22075	22075	0.423243866250556
22077	22077	0.235277557069795
22079	22079	1
22081	22081	0.161113979297795
22083	22083	0.0562620245166902
22085	22085	0.324785323346348
22087	22087	0.248064380823589
22089	22089	0.478227208391867
22091	22091	0.190523673931519
22093	22093	0.0920651310273112
22095	22095	0.66107878807111
22097	22097	0.602259398803661
22099	22099	0.107409319531863
22101	22101	0.808127261239732
22103	22103	1
22105	22105	1
22107	22107	0.035803106510621
22109	22109	1
22111	22111	0.152163202670139
22113	22113	0.443702784256625
22115	22115	0.652128011443455
22117	22117	0.630390411062006
22119	22119	0.77488151947987
22121	22121	0.26340856932814
22123	22123	0.0933438134026906
22125	22125	0.0191802356306898
22127	22127	0.0805569896488973
23001	23001	0.891241615639388
23003	23003	0.620160952058971
23005	23005	1
23007	23007	0.141933743667105
23009	23009	0.852881144378008
23011	23011	1
23013	23013	0.571571021794557
23015	23015	0.210982591937588
23017	23017	0.223769415691381
23019	23019	1
23021	23021	0.0626554363935868
23023	23023	0.331178735223245
23025	23025	0.296654311088003
23027	23027	0.475669843641108
23029	23029	0.13298296703945
23031	23031	1
24001	24001	0.290260899211106
24003	24003	1
24005	24005	1
24009	24009	0.444981466632004
24011	24011	0.824750132119663
24013	24013	0.6802590237018
24015	24015	0.489735349770281
24017	24017	0.718619494963179
24019	24019	0.392555489241452
24021	24021	1
24023	24023	0.235277557069795
24025	24025	1
24027	24027	1
24029	24029	0.286424852084968
24031	24031	1
24033	24033	1
24035	24035	0.248064380823589
24037	24037	0.58435784554835
24039	24039	0.198195768183795
24041	24041	0.236556239445175
24043	24043	1
24045	24045	0.937274181153044
24047	24047	0.575407068920695
24510	24510	1
25001	25001	1
25003	25003	1
25005	25005	1
25007	25007	0.464161702262694
25009	25009	1
25011	25011	0.676422976575662
25013	25013	1
25015	25015	1
25017	25017	1
25019	25019	0.322227958595589
25021	25021	1
25023	25023	1
25025	25025	1
25027	25027	1
26001	26001	0.0473112478890349
26003	26003	0.0728848953966214
26005	26005	0.695603212206352
26007	26007	0.311998499592555
26009	26009	0.104851954781104
26011	26011	0.0907864486519319
26013	26013	0.0626554363935868
26015	26015	0.217376003814485
26017	26017	0.810684625990491
26019	26019	0.0485899302644143
26021	26021	0.978192017165182
26023	26023	0.323506640970969
26025	26025	0.888684250888629
26027	26027	0.202031815309933
26029	26029	0.185408944430002
26031	26031	0.18796630918076
26033	26033	0.198195768183795
26035	26035	0.200753132934554
26037	26037	0.406620995370625
26039	26039	0.0626554363935868
26041	26041	0.315834546718693
26043	26043	0.15088452029476
26045	26045	0.525538456280902
26047	26047	0.32094927622021
26049	26049	1
26051	26051	0.0421965183875177
26053	26053	0.103573272405725
26055	26055	1
26057	26057	0.180294214928484
26059	26059	0.254457792700485
26061	26061	0.466719067013453
26063	26063	0.167507391174691
26065	26065	1
26067	26067	0.296654311088003
26069	26069	0.111245366658001
26071	26071	0.0511472950151729
26073	26073	0.727570271590835
26075	26075	1
26077	26077	1
26079	26079	0.0907864486519319
26081	26081	1
26083	26083	0.00895077662765526
26085	26085	0.039639153636759
26087	26087	0.461604337511935
26089	26089	0.168786073550071
26091	26091	0.505079538274832
26093	26093	1
26095	26095	0.0153441885045519
26097	26097	0.222490733316002
26099	26099	1
26101	26101	0.109966684282622
26103	26103	0.54727605666235
26105	26105	0.322227958595589
26107	26107	0.397670218742969
26109	26109	0.173900803051588
26111	26111	0.764652060476835
26113	26113	0.0882290839011733
26115	26115	0.727570271590835
26117	26117	0.540882644785453
26119	26119	0.0179015532553105
26121	26121	0.918093945522354
26123	26123	0.262129886952761
26125	26125	1
26127	26127	0.13298296703945
26129	26129	0.0920651310273112
26131	26131	0.0613767540182075
26133	26133	0.214818639063726
26135	26135	0.205867862436071
26137	26137	0.104851954781104
26139	26139	1
26141	26141	0.11252404903338
26143	26143	0.139376378916346
26145	26145	0.98202806429132
26147	26147	0.909143168894698
26149	26149	0.503800855899453
26151	26151	0.202031815309933
26153	26153	0.0127868237537932
26155	26155	0.519145044404005
26157	26157	0.306883770091037
26159	26159	0.511472950151729
26161	26161	1
26163	26163	1
26165	26165	0.168786073550071
27001	27001	0.141933743667105
27003	27003	1
27005	27005	0.309441134841796
27007	27007	0.411735724872142
27009	27009	0.242949651322071
27011	27011	0.0498686126397936
27013	27013	0.588193892674488
27015	27015	0.249343063198968
27017	27017	0.323506640970969
27019	27019	0.45265356088428
27021	27021	0.267244616454278
27023	27023	0.122753508036415
27025	27025	0.35803106510621
27027	27027	0.657242740944972
27029	27029	0.0421965183875177
27031	27031	0.035803106510621
27033	27033	0.175179485426967
27035	27035	0.441145419505866
27037	27037	1
27039	27039	0.116360096159518
27041	27041	0.368260524109245
27043	27043	0.0971798605288285
27045	27045	0.22632678044214
27047	27047	0.306883770091037
27049	27049	0.288982216835727
27051	27051	0.0626554363935868
27053	27053	1
27055	27055	0.083114354399656
27057	27057	0.122753508036415
27059	27059	0.379768665487659
27061	27061	0.383604712613797
27063	27063	0.0920651310273112
27065	27065	0.166228708799312
27067	27067	0.335014782349383
27069	27069	0.0268523298829658
27071	27071	0.235277557069795
27073	27073	0.039639153636759
27075	27075	0.0767209425227594
27077	27077	0.00767209425227594
27079	27079	0.182851579679243
27081	27081	0.0473112478890349
27083	27083	0.246785698448209
27085	27085	0.577964433671454
27087	27087	0.0153441885045519
27089	27089	0.0882290839011733
27091	27091	0.258293839826623
27093	27093	0.193081038682278
27095	27095	0.35930974748159
27097	27097	0.212261274312968
27099	27099	0.538325280034695
27101	27101	0.0600980716428282
27103	27103	0.345244241352417
27105	27105	0.432194642878211
27107	27107	0.0498686126397936
27109	27109	1
27111	27111	0.402784948244487
27113	27113	0.272359345955796
27115	27115	0.230162827568278
27117	27117	0.079278307273518
27119	27119	0.278752757832692
27121	27121	0.0920651310273112
27123	27123	1
27125	27125	0.0115081413784139
27127	27127	0.0907864486519319
27129	27129	0.139376378916346
27131	27131	0.864389285756422
27133	27133	0.116360096159518
27135	27135	0.127868237537932
27137	27137	1
27139	27139	1
27141	27141	0.571571021794557
27143	27143	0.0600980716428282
27145	27145	1
27147	27147	0.365703159358486
27149	27149	0.210982591937588
27151	27151	0.0869504015257939
27153	27153	0.198195768183795
27155	27155	0.043475200762897
27157	27157	0.214818639063726
27159	27159	0.0677701658951041
27161	27161	0.0971798605288285
27163	27163	1
27165	27165	0.0549833421413109
27167	27167	0.0294096946337244
27169	27169	1
27171	27171	0.668750882323386
27173	27173	0.0856717191504146
28001	28001	0.145769790793243
28003	28003	0.193081038682278
28005	28005	0
28007	28007	0.129146919913312
28009	28009	0
28011	28011	0.0882290839011733
28013	28013	0.108688001907242
28015	28015	0.0728848953966214
28017	28017	0.079278307273518
28019	28019	0.0524259773905522
28021	28021	0.0166228708799312
28023	28023	0.326064005721727
28025	28025	0.07544226014738
28027	28027	0.120196143285656
28029	28029	0.0805569896488973
28031	28031	0.191802356306898
28033	28033	0.996093570420492
28035	28035	1
28037	28037	0.103573272405725
28039	28039	0.116360096159518
28041	28041	0.0498686126397936
28043	28043	0.179015532553105
28045	28045	0.254457792700485
28047	28047	1
28049	28049	1
28051	28051	0.0767209425227594
28053	28053	0.0383604712613797
28055	28055	0.0319670593844831
28057	28057	0.0959011781534492
28059	28059	1
28061	28061	0.0959011781534492
28063	28063	0.00383604712613797
28065	28065	0.17006475592545
28067	28067	0.333736099974003
28069	28069	0.134261649414829
28071	28071	0.444981466632004
28073	28073	0.346522923727796
28075	28075	0.522981091530143
28077	28077	0.134261649414829
28079	28079	0.13298296703945
28081	28081	0.13298296703945
28083	28083	0.134261649414829
28085	28085	0.280031440208072
28087	28087	0.276195393081934
28089	28089	0.574128386545316
28091	28091	0.225048098066761
28093	28093	0.177736850177726
28095	28095	0.121474825661036
28097	28097	0.0319670593844831
28099	28099	0.216097321439106
28101	28101	0.0933438134026906
28103	28103	0.0191802356306898
28105	28105	0.451374878508901
28107	28107	0.213539956688347
28109	28109	0.314555864343313
28111	28111	0.0907864486519319
28113	28113	0.760816013350697
28115	28115	0.223769415691381
28117	28117	0.0959011781534492
28119	28119	0
28121	28121	1
28123	28123	0.219933368565244
28125	28125	0
28127	28127	0.286424852084968
28129	28129	0.161113979297795
28131	28131	0.194359721057657
28133	28133	0.0511472950151729
28135	28135	0.0255736475075865
28137	28137	0.0613767540182075
28139	28139	0.168786073550071
28141	28141	0.0971798605288285
28143	28143	0.0907864486519319
28145	28145	0.217376003814485
28147	28147	0.240392286571313
28149	28149	0.411735724872142
28151	28151	0.198195768183795
28153	28153	0.255736475075865
28155	28155	0.149605837919381
28157	28157	0.00383604712613797
28159	28159	0.0498686126397936
28161	28161	0.0562620245166902
28163	28163	0.0843930367750353
29001	29001	0.172622120676209
29003	29003	0.07544226014738
29005	29005	0.0204589180060692
29007	29007	0.24550701607283
29009	29009	0.177736850177726
29011	29011	0.0473112478890349
29013	29013	0.0843930367750353
29015	29015	0.079278307273518
29017	29017	0.0652128011443455
29019	29019	1
29021	29021	0.689209800329455
29023	29023	0.233998874694416
29025	29025	0.0575407068920695
29027	29027	0.225048098066761
29029	29029	0.456489608010418
29031	29031	0.694324529830972
29033	29033	0.0664914835197248
29035	29035	0.0447538831382763
29037	29037	0.466719067013453
29039	29039	0.0805569896488973
29041	29041	0.035803106510621
29043	29043	0.713504765461662
29045	29045	0.0869504015257939
29047	29047	1
29049	29049	0.13170428466407
29051	29051	0.664914835197248
29053	29053	0.127868237537932
29055	29055	0.0716062130212421
29057	29057	0.0779996248981387
29059	29059	0.0920651310273112
29061	29061	0.0984585429042078
29063	29063	0.130425602288691
29065	29065	0.268523298829658
29067	29067	0.0984585429042078
29069	29069	0.163671344048553
29071	29071	0.286424852084968
29073	29073	0.0882290839011733
29075	29075	0.0895077662765526
29077	29077	1
29079	29079	0.143212426042484
29081	29081	0.0537046597659316
29083	29083	0.0882290839011733
29085	29085	0.0805569896488973
29087	29087	0.00895077662765526
29089	29089	0.0626554363935868
29091	29091	0.299211675838762
29093	29093	0.0716062130212421
29095	29095	1
29097	29097	0.993536205669734
29099	29099	0.872061380008698
29101	29101	0.272359345955796
29103	29103	0.0664914835197248
29105	29105	0.329900052847865
29107	29107	0.507636903025591
29109	29109	0.118917460910277
29111	29111	0.0511472950151729
29113	29113	0.199474450559174
29115	29115	0.120196143285656
29117	29117	0.120196143285656
29119	29119	0.286424852084968
29121	29121	0.118917460910277
29123	29123	0.00639341187689661
29125	29125	0.0255736475075865
29127	29127	0.311998499592555
29129	29129	0.0115081413784139
29131	29131	0.410457042496763
29133	29133	0.0421965183875177
29135	29135	0.115081413784139
29137	29137	0.0728848953966214
29139	29139	0.0294096946337244
29141	29141	0.184130262054622
29143	29143	0.0575407068920695
29145	29145	0.569013657043799
29147	29147	0.172622120676209
29149	29149	0.0984585429042078
29151	29151	0.0409178360121383
29153	29153	0.0166228708799312
29155	29155	0.0485899302644143
29157	29157	0.101015907654966
29159	29159	0.216097321439106
29161	29161	0.436030690004349
29163	29163	0.22632678044214
29165	29165	0.732685001092352
29167	29167	0.203310497685312
29169	29169	0.499964808773315
29171	29171	0
29173	29173	0.0473112478890349
29175	29175	0.30176904058952
29177	29177	0.140655061291726
29179	29179	0.103573272405725
29181	29181	0.0370817888860004
29183	29183	1
29185	29185	0.083114354399656
29186	29186	0.0447538831382763
29187	29187	0.456489608010418
29189	29189	1
29195	29195	0.193081038682278
29197	29197	0.035803106510621
29199	29199	0.0588193892674488
29201	29201	0.190523673931519
29203	29203	0.103573272405725
29205	29205	0.0524259773905522
29207	29207	0.203310497685312
29209	29209	0.0767209425227594
29211	29211	0.0588193892674488
29213	29213	0.106130637156484
29215	29215	0.0959011781534492
29217	29217	0.186687626805381
29219	29219	0.07544226014738
29221	29221	0.175179485426967
29223	29223	0.143212426042484
29225	29225	0.255736475075865
29227	29227	0.0153441885045519
29229	29229	0.0741635777720007
29510	29510	1
30001	30001	0.0920651310273112
30003	30003	0.0869504015257939
30005	30005	0.0485899302644143
30007	30007	0.164950026423933
30009	30009	0.163671344048553
30011	30011	0.00383604712613797
30013	30013	0.976913334789803
30015	30015	0.0549833421413109
30017	30017	0.136819014165588
30019	30019	0.00511472950151729
30021	30021	0.122753508036415
30023	30023	0.0549833421413109
30025	30025	0.00255736475075865
30027	30027	0.083114354399656
30029	30029	1
30031	30031	1
30033	30033	0.0115081413784139
30035	30035	0.0217376003814485
30037	30037	0.00127868237537932
30039	30039	0.0217376003814485
30041	30041	0.172622120676209
30043	30043	0.0907864486519319
30045	30045	0.00511472950151729
30047	30047	0.182851579679243
30049	30049	1
30051	30051	0.0242949651322071
30053	30053	0.231441509943657
30055	30055	0.00383604712613797
30057	30057	0.106130637156484
30059	30059	0.0600980716428282
30061	30061	0.00895077662765526
30063	30063	1
30065	30065	0.0856717191504146
30067	30067	0.303047722964899
30069	30069	0.0102294590030346
30071	30071	0.0370817888860004
30073	30073	0.0511472950151729
30075	30075	0.0255736475075865
30077	30077	0.035803106510621
30079	30079	0.0102294590030346
30081	30081	0.423243866250556
30083	30083	0.0613767540182075
30085	30085	0.0498686126397936
30087	30087	0.107409319531863
30089	30089	0.0524259773905522
30091	30091	0.0179015532553105
30093	30093	0.375932618361521
30095	30095	0.149605837919381
30097	30097	0.0537046597659316
30099	30099	0.035803106510621
30101	30101	0.043475200762897
30103	30103	0.00383604712613797
30105	30105	0.0217376003814485
30107	30107	0.0204589180060692
30109	30109	0
30111	30111	1
31001	31001	0.140655061291726
31003	31003	0.0473112478890349
31005	31005	0.00383604712613797
31007	31007	0
31009	31009	0
31011	31011	0.0268523298829658
31013	31013	0.079278307273518
31015	31015	0.00511472950151729
31017	31017	0
31019	31019	0.502522173524074
31021	31021	0.00767209425227594
31023	31023	0.0332457417598624
31025	31025	0.236556239445175
31027	31027	0.0856717191504146
31029	31029	0.0447538831382763
31031	31031	0.0524259773905522
31033	31033	0.0613767540182075
31035	31035	0.0818356720242766
31037	31037	0.117638778534898
31039	31039	0.0485899302644143
31041	31041	0.122753508036415
31043	31043	0.554948150914626
31045	31045	0.144491108417863
31047	31047	0.268523298829658
31049	31049	0.0230162827568278
31051	31051	0.0153441885045519
31053	31053	0.244228333697451
31055	31055	1
31057	31057	0.0345244241352417
31059	31059	0.0460325655136556
31061	31061	0.0319670593844831
31063	31063	0.035803106510621
31065	31065	0.0332457417598624
31067	31067	0.0895077662765526
31069	31069	0.0345244241352417
31071	31071	0.0537046597659316
31073	31073	0.0140655061291725
31075	31075	0.00639341187689661
31077	31077	0.0166228708799312
31079	31079	0.425801231001314
31081	31081	0.13298296703945
31083	31083	0.0370817888860004
31085	31085	0
31087	31087	0.043475200762897
31089	31089	0.0652128011443455
31091	31091	0.00511472950151729
31093	31093	0.0421965183875177
31095	31095	0.0613767540182075
31097	31097	0.0115081413784139
31099	31099	0.0524259773905522
31101	31101	0.210982591937588
31103	31103	0.00383604712613797
31105	31105	0
31107	31107	0.0179015532553105
31109	31109	1
31111	31111	0.28258880495883
31113	31113	0.00255736475075865
31115	31115	0.00127868237537932
31117	31117	0
31119	31119	0.163671344048553
31121	31121	0.043475200762897
31123	31123	0.0460325655136556
31125	31125	0.0345244241352417
31127	31127	0.0242949651322071
31129	31129	0.00639341187689661
31131	31131	0.134261649414829
31133	31133	0.0319670593844831
31135	31135	0.0332457417598624
31137	31137	0.0869504015257939
31139	31139	0.0191802356306898
31141	31141	0.195638403433036
31143	31143	0.0537046597659316
31145	31145	0.0716062130212421
31147	31147	0.0102294590030346
31149	31149	0.00511472950151729
31151	31151	0.190523673931519
31153	31153	1
31155	31155	0.145769790793243
31157	31157	0.286424852084968
31159	31159	0.148327155544001
31161	31161	0.0268523298829658
31163	31163	0.00639341187689661
31165	31165	0.00639341187689661
31167	31167	0.0153441885045519
31169	31169	0.00511472950151729
31171	31171	0.0217376003814485
31173	31173	0.0485899302644143
31175	31175	0.0524259773905522
31177	31177	0.0843930367750353
31179	31179	0.0971798605288285
31181	31181	0.043475200762897
31183	31183	0.00127868237537932
31185	31185	0.198195768183795
32001	32001	0.175179485426967
32003	32003	1
32005	32005	0.525538456280902
32007	32007	0.418129136749039
32009	32009	0.0639341187689661
32011	32011	0.0102294590030346
32013	32013	0.11380273140876
32015	32015	0.0473112478890349
32017	32017	0.0115081413784139
32019	32019	0.476948526016487
32021	32021	0.079278307273518
32023	32023	0.296654311088003
32027	32027	0
32029	32029	0
32031	32031	1
32033	32033	0.139376378916346
32510	32510	0.712226083086283
33001	33001	0.303047722964899
33003	33003	0.522981091530143
33005	33005	0.580521798422213
33007	33007	0.308162452466417
33009	33009	1
33011	33011	1
33013	33013	1
33015	33015	1
33017	33017	0.707111353584765
33019	33019	0.514030314902488
34001	34001	1
34003	34003	1
34005	34005	1
34007	34007	1
34009	34009	1
34011	34011	1
34013	34013	1
34015	34015	1
34017	34017	1
34019	34019	0.716062130212421
34021	34021	1
34023	34023	1
34025	34025	1
34027	34027	1
34029	34029	1
34031	34031	1
34033	34033	0.274916710706554
34035	34035	1
34037	34037	1
34039	34039	1
34041	34041	0.447538831382763
35001	35001	1
35003	35003	0.0115081413784139
35005	35005	0.485899302644143
35006	35006	0.0242949651322071
35007	35007	0.144491108417863
35009	35009	0.419407819124418
35011	35011	0.0319670593844831
35013	35013	1
35015	35015	0.398948901118349
35017	35017	0.0933438134026906
35019	35019	0
35021	35021	0.00127868237537932
35023	35023	0.00767209425227594
35025	35025	0.575407068920695
35027	35027	0.0562620245166902
35028	35028	0.370817888860004
35029	35029	0.213539956688347
35031	35031	0.416850454373659
35033	35033	0.171343438300829
35035	35035	0.430915960502832
35037	35037	0.0664914835197248
35039	35039	0.333736099974003
35041	35041	0.191802356306898
35043	35043	1
35045	35045	0.613767540182075
35047	35047	0.195638403433036
35049	35049	1
35051	35051	0.0230162827568278
35053	35053	0.24550701607283
35055	35055	0.304326405340279
35057	35057	0.0575407068920695
35059	35059	0.0524259773905522
35061	35061	0.58563652792373
36001	36001	1
36003	36003	0.473112478890349
36005	36005	1
36007	36007	1
36009	36009	0.618882269683592
36011	36011	0.413014407247521
36013	36013	1
36015	36015	0.708390035960145
36017	36017	0.271080663580416
36019	36019	1
36021	36021	0.322227958595589
36023	36023	0.373375253610762
36025	36025	0.212261274312968
36027	36027	1
36029	36029	1
36031	36031	0.797897802236697
36033	36033	0.402784948244487
36035	36035	0.391276806866073
36037	36037	0.640619870065041
36039	36039	1
36041	36041	0.0383604712613797
36043	36043	0.3401295118509
36045	36045	0.979470699540561
36047	36047	1
36049	36049	0.115081413784139
36051	36051	0.401506265869107
36053	36053	0.479505890767246
36055	36055	1
36057	36057	0.609931493055937
36059	36059	1
36061	36061	1
36063	36063	1
36065	36065	1
36067	36067	1
36069	36069	0.722455542089317
36071	36071	1
36073	36073	0.28258880495883
36075	36075	0.760816013350697
36077	36077	0.32094927622021
36079	36079	0.62271831680973
36081	36081	1
36083	36083	0.911700533645457
36085	36085	1
36087	36087	1
36089	36089	1
36091	36091	1
36093	36093	1
36095	36095	0.309441134841796
36097	36097	0.134261649414829
36099	36099	0.246785698448209
36101	36101	0.794061755110559
36103	36103	1
36105	36105	0.427079913376694
36107	36107	0.276195393081934
36109	36109	1
36111	36111	1
36113	36113	0.594587304551385
36115	36115	0.361867112232348
36117	36117	0.432194642878211
36119	36119	1
36121	36121	0.369539206484624
36123	36123	0.383604712613797
37001	37001	0.730127636341593
37003	37003	0.0639341187689661
37005	37005	0.0703275306458628
37007	37007	0.0524259773905522
37009	37009	0.0524259773905522
37011	37011	0.0920651310273112
37013	37013	0.379768665487659
37015	37015	0.116360096159518
37017	37017	0.125310872787174
37019	37019	0.805569896488973
37021	37021	1
37023	37023	0.418129136749039
37025	37025	0.872061380008698
37027	37027	0.465440384638073
37029	37029	0.035803106510621
37031	37031	0.846487732501112
37033	37033	0.0959011781534492
37035	37035	0.806848578864353
37037	37037	0.709668718335524
37039	37039	0.108688001907242
37041	37041	0.239113604195933
37043	37043	0.0370817888860004
37045	37045	0.322227958595589
37047	37047	0.20714654481145
37049	37049	1
37051	37051	1
37053	37053	0.203310497685312
37055	37055	0.540882644785453
37057	37057	0.684095070827938
37059	37059	0.126589555162553
37061	37061	0.305605087715658
37063	37063	1
37065	37065	0.427079913376694
37067	37067	1
37069	37069	0.315834546718693
37071	37071	0.805569896488973
37073	37073	0.143212426042484
37075	37075	0
37077	37077	0.237834921820554
37079	37079	0.11380273140876
37081	37081	1
37083	37083	0.296654311088003
37085	37085	0.712226083086283
37087	37087	0.392555489241452
37089	37089	0.533210550533178
37091	37091	0.109966684282622
37093	37093	0.551112103788488
37095	37095	0.153441885045519
37097	37097	1
37099	37099	0.313277181967934
37101	37101	1
37103	37103	0.0920651310273112
37105	37105	0.562620245166902
37107	37107	0.277474075457313
37109	37109	0.419407819124418
37111	37111	0.176458167802347
37113	37113	0.0895077662765526
37115	37115	0.0217376003814485
37117	37117	0.143212426042484
37119	37119	1
37121	37121	0.0383604712613797
37123	37123	0.127868237537932
37125	37125	0.648291964317317
37127	37127	0.545997374286971
37129	37129	1
37131	37131	0.0933438134026906
37133	37133	1
37135	37135	1
37137	37137	0.173900803051588
37139	37139	0.677701658951041
37141	37141	0.269801981205037
37143	37143	0.323506640970969
37145	37145	0.465440384638073
37147	37147	1
37149	37149	0.0370817888860004
37151	37151	0.439866737130487
37153	37153	0.0639341187689661
37155	37155	0.655964058569593
37157	37157	0.258293839826623
37159	37159	0.77360283710449
37161	37161	0.276195393081934
37163	37163	0.352916335604693
37165	37165	0.139376378916346
37167	37167	0.372096571235383
37169	37169	0.288982216835727
37171	37171	0.3772113007369
37173	37173	0.00895077662765526
37175	37175	0.337572147100141
37177	37177	0.00383604712613797
37179	37179	1
37181	37181	0.182851579679243
37183	37183	1
37185	37185	0.0153441885045519
37187	37187	0.116360096159518
37189	37189	0.3401295118509
37191	37191	0.561341562791523
37193	37193	0.148327155544001
37195	37195	0.809405943615111
37197	37197	0.374653935986142
37199	37199	0.0741635777720007
38001	38001	0.00383604712613797
38003	38003	0.0920651310273112
38005	38005	0.0421965183875177
38007	38007	0.00767209425227594
38009	38009	0.0652128011443455
38011	38011	0.0242949651322071
38013	38013	0.0204589180060692
38015	38015	0.549833421413109
38017	38017	1
38019	38019	0.0319670593844831
38021	38021	0.0383604712613797
38023	38023	0.00895077662765526
38025	38025	0.0383604712613797
38027	38027	0.0281310122583451
38029	38029	0.0485899302644143
38031	38031	0.035803106510621
38033	38033	0
38035	38035	1
38037	38037	0.0217376003814485
38039	38039	0.0242949651322071
38041	38041	0.0102294590030346
38043	38043	0.00895077662765526
38045	38045	0.0473112478890349
38047	38047	0.0115081413784139
38049	38049	0.0524259773905522
38051	38051	0.0204589180060692
38053	38053	0.0959011781534492
38055	38055	0.0102294590030346
38057	38057	0.0920651310273112
38059	38059	0.196917085808416
38061	38061	0.0562620245166902
38063	38063	0.0179015532553105
38065	38065	0.0217376003814485
38067	38067	0.0421965183875177
38069	38069	0.0549833421413109
38071	38071	0.140655061291726
38073	38073	0.00639341187689661
38075	38075	0.0102294590030346
38077	38077	0.0549833421413109
38079	38079	0.0447538831382763
38081	38081	0.0562620245166902
38083	38083	0.00767209425227594
38085	38085	0.0332457417598624
38087	38087	0
38089	38089	0.20842522718683
38091	38091	0.0204589180060692
38093	38093	0.172622120676209
38095	38095	0.0294096946337244
38097	38097	0.0549833421413109
38099	38099	0.0447538831382763
38101	38101	0.551112103788488
38103	38103	0.0306883770091037
38105	38105	0.381047347863038
39001	39001	0.250621745574347
39003	39003	0.649570646692696
39005	39005	0.378489983112279
39007	39007	0.577964433671454
39009	39009	0.466719067013453
39011	39011	0.478227208391867
39013	39013	0.240392286571313
39015	39015	0.199474450559174
39017	39017	1
39019	39019	0.0703275306458628
39021	39021	0.237834921820554
39023	39023	0.401506265869107
39025	39025	0.507636903025591
39027	39027	0.414293089622901
39029	39029	0.662357470446489
39031	39031	0.383604712613797
39033	39033	0.387440759739935
39035	39035	1
39037	39037	0.196917085808416
39039	39039	0.309441134841796
39041	39041	0.851602462002629
39043	39043	0.974355970039044
39045	39045	1
39047	39047	0.168786073550071
39049	39049	1
39051	39051	0.460325655136556
39053	39053	0.101015907654966
39055	39055	0.763373378101456
39057	39057	1
39059	39059	0.159835296922415
39061	39061	1
39063	39063	0.501243491148694
39065	39065	0.337572147100141
39067	39067	0.07544226014738
39069	39069	0.204589180060692
39071	39071	0.193081038682278
39073	39073	0.11380273140876
39075	39075	1
39077	39077	0.430915960502832
39079	39079	0.0959011781534492
39081	39081	0.191802356306898
39083	39083	0.447538831382763
39085	39085	1
39087	39087	0.141933743667105
39089	39089	1
39091	39091	0.443702784256625
39093	39093	1
39095	39095	1
39097	39097	0.172622120676209
39099	39099	1
39101	39101	0.300490358214141
39103	39103	1
39105	39105	0.117638778534898
39107	39107	0.214818639063726
39109	39109	0.368260524109245
39111	39111	0.0498686126397936
39113	39113	1
39115	39115	0.0613767540182075
39117	39117	0.15088452029476
39119	39119	0.173900803051588
39121	39121	0.0204589180060692
39123	39123	0.349080288478555
39125	39125	0.0319670593844831
39127	39127	0.177736850177726
39129	39129	0.18796630918076
39131	39131	0.111245366658001
39133	39133	0.907864486519319
39135	39135	0.190523673931519
39137	39137	0.11252404903338
39139	39139	0.418129136749039
39141	39141	0.391276806866073
39143	39143	0.439866737130487
39145	39145	0.288982216835727
39147	39147	0.439866737130487
39149	39149	0.15088452029476
39151	39151	1
39153	39153	1
39155	39155	1
39157	39157	1
39159	39159	0.196917085808416
39161	39161	0.18796630918076
39163	39163	0.0102294590030346
39165	39165	0.741635777720007
39167	39167	0.162392661673174
39169	39169	1
39171	39171	0.326064005721727
39173	39173	1
39175	39175	0.147048473168622
40001	40001	0.0473112478890349
40003	40003	0.0409178360121383
40005	40005	0.0959011781534492
40007	40007	0.0306883770091037
40009	40009	0.136819014165588
40011	40011	0.083114354399656
40013	40013	0.58435784554835
40015	40015	0.083114354399656
40017	40017	0.891241615639388
40019	40019	0.35930974748159
40021	40021	0.281310122583451
40023	40023	0.254457792700485
40025	40025	0.0319670593844831
40027	40027	1
40029	40029	0.0268523298829658
40031	40031	1
40033	40033	0.0549833421413109
40035	40035	0.121474825661036
40037	40037	0.366981841733866
40039	40039	0.177736850177726
40041	40041	0.372096571235383
40043	40043	0.0255736475075865
40045	40045	0.00639341187689661
40047	40047	0.577964433671454
40049	40049	0.115081413784139
40051	40051	0.382326030238417
40053	40053	0.0460325655136556
40055	40055	0.035803106510621
40057	40057	0.0511472950151729
40059	40059	0.039639153636759
40061	40061	0.0281310122583451
40063	40063	0.039639153636759
40065	40065	0.466719067013453
40067	40067	0.0294096946337244
40069	40069	0.00511472950151729
40071	40071	0.306883770091037
40073	40073	0.276195393081934
40075	40075	0.0421965183875177
40077	40077	0.083114354399656
40079	40079	0.49101403214566
40081	40081	0.147048473168622
40083	40083	0.437309372379728
40085	40085	0.039639153636759
40087	40087	0.257015157451244
40089	40089	0.162392661673174
40091	40091	0.0409178360121383
40093	40093	0.144491108417863
40095	40095	0.219933368565244
40097	40097	0.214818639063726
40099	40099	0.0409178360121383
40101	40101	0.54727605666235
40103	40103	0.0498686126397936
40105	40105	0.0421965183875177
40107	40107	0.0971798605288285
40109	40109	1
40111	40111	0.309441134841796
40113	40113	0.241670968946692
40115	40115	0.179015532553105
40117	40117	0.196917085808416
40119	40119	1
40121	40121	0.126589555162553
40123	40123	0.456489608010418
40125	40125	0.514030314902488
40127	40127	0.0153441885045519
40129	40129	0.035803106510621
40131	40131	0.545997374286971
40133	40133	0.152163202670139
40135	40135	0.181572897303864
40137	40137	0.364424476983107
40139	40139	0.0447538831382763
40141	40141	0.140655061291726
40143	40143	1
40145	40145	0.43347332525359
40147	40147	0.461604337511935
40149	40149	0.0498686126397936
40151	40151	0.0485899302644143
40153	40153	0.214818639063726
41001	41001	0.306883770091037
41003	41003	1
41005	41005	1
41007	41007	0.381047347863038
41009	41009	0.166228708799312
41011	41011	0.632947775812765
41013	41013	0.175179485426967
41015	41015	0.0818356720242766
41017	41017	1
41019	41019	1
41021	41021	0.039639153636759
41023	41023	0.0869504015257939
41025	41025	0.035803106510621
41027	41027	0.404063630619866
41029	41029	1
41031	41031	0.287703534460348
41033	41033	0.804291214113594
41035	41035	0.753143919098421
41037	41037	0.102294590030346
41039	41039	1
41041	41041	0.315834546718693
41043	41043	1
41045	41045	0.277474075457313
41047	41047	1
41049	41049	0.0140655061291725
41051	41051	1
41053	41053	0.689209800329455
41055	41055	0.00767209425227594
41057	41057	0.242949651322071
41059	41059	0.479505890767246
41061	41061	0.28386748733421
41063	41063	0.175179485426967
41065	41065	0.202031815309933
41067	41067	1
41069	41069	0.0115081413784139
41071	41071	0.970519922912906
42001	42001	0.77488151947987
42003	42003	1
42005	42005	0.386162077364555
42007	42007	0.845209050125732
42009	42009	0.363145794607728
42011	42011	1
42013	42013	1
42015	42015	0.507636903025591
42017	42017	1
42019	42019	0.837536955873456
42021	42021	1
42023	42023	0.00255736475075865
42025	42025	0.526817138656281
42027	42027	1
42029	42029	1
42031	42031	0.24550701607283
42033	42033	0.484620620268763
42035	42035	0.18796630918076
42037	42037	0.30176904058952
42039	42039	0.863110603381043
42041	42041	1
42043	42043	1
42045	42045	1
42047	42047	0.0971798605288285
42049	42049	1
42051	42051	0.786389660858283
42053	42053	0.0409178360121383
42055	42055	0.762094695726076
42057	42057	0.0895077662765526
42059	42059	0.0677701658951041
42061	42061	0.539603962410074
42063	42063	0.519145044404005
42065	42065	0.221212050940623
42067	42067	0.104851954781104
42069	42069	0.942388910654561
42071	42071	1
42073	42073	0.478227208391867
42075	42075	0.907864486519319
42077	42077	1
42079	42079	1
42081	42081	0.916815263146974
42083	42083	0.217376003814485
42085	42085	0.696881894581731
42087	42087	0.366981841733866
42089	42089	0.676422976575662
42091	42091	1
42093	42093	0.0805569896488973
42095	42095	0.967962558162147
42097	42097	0.90530712176856
42099	42099	0.232720192319037
42101	42101	1
42103	42103	0.148327155544001
42105	42105	0.103573272405725
42107	42107	0.499964808773315
42109	42109	0.446260149007384
42111	42111	0.418129136749039
42113	42113	0.079278307273518
42115	42115	0.205867862436071
42117	42117	0.205867862436071
42119	42119	0.598423351677523
42121	42121	0.288982216835727
42123	42123	0.310719817217175
42125	42125	1
42127	42127	0.202031815309933
42129	42129	1
42131	42131	0.115081413784139
42133	42133	1
44001	44001	0.200753132934554
44003	44003	0.749307871972283
44005	44005	1
44007	44007	1
44009	44009	0.648291964317317
45001	45001	0.0600980716428282
45003	45003	1
45005	45005	0.035803106510621
45007	45007	0.994814888045113
45009	45009	0.0537046597659316
45011	45011	0.0511472950151729
45013	45013	1
45015	45015	1
45017	45017	0.404063630619866
45019	45019	1
45021	45021	0.331178735223245
45023	45023	0.236556239445175
45025	45025	0.421965183875177
45027	45027	0.413014407247521
45029	45029	0.259572522202002
45031	45031	0.548554739037729
45033	45033	0.0677701658951041
45035	45035	0.96284782866063
45037	45037	0.111245366658001
45039	45039	0.117638778534898
45041	45041	1
45043	45043	0.689209800329455
45045	45045	1
45047	45047	0.0869504015257939
45049	45049	0.0613767540182075
45051	45051	1
45053	45053	0.15088452029476
45055	45055	0.308162452466417
45057	45057	0.652128011443455
45059	45059	0.268523298829658
45061	45061	0.0498686126397936
45063	45063	1
45065	45065	0.00639341187689661
45067	45067	0.203310497685312
45069	45069	0.143212426042484
45071	45071	0.164950026423933
45073	45073	0.456489608010418
45075	45075	0.760816013350697
45077	45077	0.694324529830972
45079	45079	1
45081	45081	0.13170428466407
45083	45083	1
45085	45085	0.767209425227594
45087	45087	0.153441885045519
45089	45089	0.129146919913312
45091	45091	1
46003	46003	0.00895077662765526
46005	46005	0.285146169709589
46007	46007	0.00895077662765526
46009	46009	0.0805569896488973
46011	46011	0.883569521387112
46013	46013	0.439866737130487
46015	46015	0.0690488482704834
46017	46017	0.00639341187689661
46019	46019	0.0907864486519319
46021	46021	0.00255736475075865
46023	46023	0.106130637156484
46025	46025	0.00767209425227594
46027	46027	0.375932618361521
46029	46029	0.217376003814485
46031	46031	0.0242949651322071
46033	46033	0.0779996248981387
46035	46035	0.311998499592555
46037	46037	0.07544226014738
46039	46039	0.0447538831382763
46041	46041	0.0920651310273112
46043	46043	0.0140655061291725
46045	46045	0.079278307273518
46047	46047	0.0511472950151729
46049	46049	0.0153441885045519
46051	46051	0.0447538831382763
46053	46053	0.0294096946337244
46055	46055	0.0204589180060692
46057	46057	0.0485899302644143
46059	46059	0.0204589180060692
46061	46061	0.0549833421413109
46063	46063	0.0140655061291725
46065	46065	0.179015532553105
46067	46067	0.127868237537932
46069	46069	0.0153441885045519
46071	46071	0
46073	46073	0.00895077662765526
46075	46075	0
46077	46077	0.0306883770091037
46079	46079	0.0537046597659316
46081	46081	0.354195017980072
46083	46083	0.274916710706554
46085	46085	0.0179015532553105
46087	46087	0.0191802356306898
46089	46089	0.0652128011443455
46091	46091	0.00767209425227594
46093	46093	0.328621370472486
46095	46095	0.00383604712613797
46097	46097	0.0204589180060692
46099	46099	1
46101	46101	0.0639341187689661
46103	46103	0.909143168894698
46105	46105	0.0370817888860004
46107	46107	0.0217376003814485
46109	46109	0.0895077662765526
46111	46111	0.0153441885045519
46113	46113	0.0869504015257939
46115	46115	0.07544226014738
46117	46117	0.0217376003814485
46119	46119	0.00383604712613797
46121	46121	0.0524259773905522
46123	46123	0.0473112478890349
46125	46125	0.0805569896488973
46127	46127	0.122753508036415
46129	46129	0.00639341187689661
46135	46135	0.17006475592545
46137	46137	0.0306883770091037
47001	47001	0.650849329068075
47003	47003	0.13298296703945
47005	47005	0.198195768183795
47007	47007	0.0588193892674488
47009	47009	0.613767540182075
47011	47011	1
47013	47013	0.231441509943657
47015	47015	0.127868237537932
47017	47017	0.167507391174691
47019	47019	0.372096571235383
47021	47021	0.26468725170352
47023	47023	0.118917460910277
47025	47025	0.268523298829658
47027	47027	0.0102294590030346
47029	47029	0.0920651310273112
47031	47031	0.259572522202002
47033	47033	0.0294096946337244
47035	47035	0.309441134841796
47037	47037	1
47039	47039	0.0191802356306898
47041	47041	0.0498686126397936
47043	47043	0.221212050940623
47045	47045	0.28386748733421
47047	47047	0.191802356306898
47049	47049	0.0639341187689661
47051	47051	0.203310497685312
47053	47053	0.203310497685312
47055	47055	0.0920651310273112
47057	47057	0.0652128011443455
47059	47059	0.28386748733421
47061	47061	0.0166228708799312
47063	47063	0.621439634434351
47065	47065	1
47067	47067	0.0549833421413109
47069	47069	0.103573272405725
47071	47071	0.0895077662765526
47073	47073	0.121474825661036
47075	47075	0.130425602288691
47077	47077	0.11380273140876
47079	47079	0.135540331790208
47081	47081	0.104851954781104
47083	47083	0.0716062130212421
47085	47085	0.0370817888860004
47087	47087	0.0447538831382763
47089	47089	0.172622120676209
47091	47091	0.0255736475075865
47093	47093	1
47095	47095	0.0217376003814485
47097	47097	0.0920651310273112
47099	47099	0.260851204577382
47101	47101	0.00383604712613797
47103	47103	0.0818356720242766
47105	47105	0.194359721057657
47107	47107	0.111245366658001
47109	47109	0.143212426042484
47111	47111	0.103573272405725
47113	47113	0.722455542089317
47115	47115	0.0882290839011733
47117	47117	0.304326405340279
47119	47119	0.395112853992211
47121	47121	0.0473112478890349
47123	47123	0.158556614547036
47125	47125	1
47127	47127	0.0485899302644143
47129	47129	0.218654686189864
47131	47131	0.163671344048553
47133	47133	0.0588193892674488
47135	47135	0.0306883770091037
47137	47137	0.0179015532553105
47139	47139	0.0102294590030346
47141	47141	0.236556239445175
47143	47143	0.138097696540967
47145	47145	0.281310122583451
47147	47147	0.354195017980072
47149	47149	1
47151	47151	0.141933743667105
47153	47153	0.0626554363935868
47155	47155	0.466719067013453
47157	47157	1
47159	47159	0.0767209425227594
47161	47161	0.26340856932814
47163	47163	0.609931493055937
47165	47165	0.768488107602973
47167	47167	0.300490358214141
47169	47169	0.0626554363935868
47171	47171	0.175179485426967
47173	47173	0.0677701658951041
47175	47175	0.0843930367750353
47177	47177	0.182851579679243
47179	47179	1
47181	47181	0.0166228708799312
47183	47183	0.205867862436071
47185	47185	0.143212426042484
47187	47187	1
47189	47189	0.588193892674488
48001	48001	0.184130262054622
48003	48003	0.175179485426967
48005	48005	0.909143168894698
48007	48007	0.176458167802347
48009	48009	0.035803106510621
48011	48011	0.0140655061291725
48013	48013	0.149605837919381
48015	48015	0.292818263961865
48017	48017	0.0319670593844831
48019	48019	0.0677701658951041
48021	48021	0.600980716428282
48023	48023	0.0255736475075865
48025	48025	0.214818639063726
48027	48027	1
48029	48029	1
48031	48031	0.0920651310273112
48033	48033	0.00511472950151729
48035	48035	0.0907864486519319
48037	48037	0.911700533645457
48039	48039	1
48041	48041	1
48043	48043	0.218654686189864
48045	48045	0.00127868237537932
48047	48047	0
48049	48049	0.22632678044214
48051	48051	0.122753508036415
48053	48053	0.255736475075865
48055	48055	0.219933368565244
48057	48057	0.0843930367750353
48059	48059	0.043475200762897
48061	48061	1
48063	48063	0.0537046597659316
48065	48065	0.0639341187689661
48067	48067	0.210982591937588
48069	48069	0.0600980716428282
48071	48071	0.295375628712624
48073	48073	0.369539206484624
48075	48075	0.0191802356306898
48077	48077	0.0447538831382763
48079	48079	0.0268523298829658
48081	48081	0.0153441885045519
48083	48083	0.0204589180060692
48085	48085	1
48087	48087	0.0370817888860004
48089	48089	0.109966684282622
48091	48091	1
48093	48093	0.115081413784139
48095	48095	0
48097	48097	0.239113604195933
48099	48099	0.476948526016487
48101	48101	0.0153441885045519
48103	48103	0.0268523298829658
48105	48105	0.0473112478890349
48107	48107	0.0946224957780699
48109	48109	0.0882290839011733
48111	48111	0.436030690004349
48113	48113	1
48115	48115	0.129146919913312
48117	48117	0.07544226014738
48119	48119	0.00639341187689661
48121	48121	1
48123	48123	0.15088452029476
48125	48125	0.0153441885045519
48127	48127	0.0767209425227594
48129	48129	0.0447538831382763
48131	48131	0.0741635777720007
48133	48133	0.0716062130212421
48135	48135	0.571571021794557
48137	48137	0.083114354399656
48139	48139	0.626554363935868
48141	48141	1
48143	48143	0.191802356306898
48145	48145	0.129146919913312
48147	48147	0.196917085808416
48149	48149	0.356752382730831
48151	48151	0.0460325655136556
48153	48153	0
48155	48155	0
48157	48157	1
48159	48159	0.0498686126397936
48161	48161	0.0741635777720007
48163	48163	0.237834921820554
48165	48165	0.235277557069795
48167	48167	1
48169	48169	0.0191802356306898
48171	48171	0.195638403433036
48173	48173	0.00511472950151729
48175	48175	0.0345244241352417
48177	48177	0.0920651310273112
48179	48179	0.0971798605288285
48181	48181	0.932159451651526
48183	48183	1
48185	48185	0.180294214928484
48187	48187	0.946224957780699
48189	48189	0.172622120676209
48191	48191	0.0217376003814485
48193	48193	0.0345244241352417
48195	48195	0.0895077662765526
48197	48197	0.0895077662765526
48199	48199	0.414293089622901
48201	48201	1
48203	48203	0.347801606103176
48205	48205	0.0575407068920695
48207	48207	0.0153441885045519
48209	48209	0.932159451651526
48211	48211	0.0537046597659316
48213	48213	0.218654686189864
48215	48215	1
48217	48217	0.240392286571313
48219	48219	0.109966684282622
48221	48221	0.231441509943657
48223	48223	0.209703909562209
48225	48225	0.200753132934554
48227	48227	0.324785323346348
48229	48229	0.0741635777720007
48231	48231	0.644455917191179
48233	48233	0.20842522718683
48235	48235	0.0319670593844831
48237	48237	0.0779996248981387
48239	48239	0.0306883770091037
48241	48241	0.305605087715658
48243	48243	0.0294096946337244
48245	48245	1
48247	48247	0.0383604712613797
48249	48249	0.400227583493728
48251	48251	1
48253	48253	0.15088452029476
48255	48255	0.0652128011443455
48257	48257	0.498686126397936
48259	48259	0.167507391174691
48261	48261	0
48263	48263	0.00383604712613797
48265	48265	0.337572147100141
48267	48267	0.0179015532553105
48269	48269	0
48271	48271	0.0217376003814485
48273	48273	0.333736099974003
48275	48275	0.0421965183875177
48277	48277	0.574128386545316
48279	48279	0.0895077662765526
48281	48281	0.225048098066761
48283	48283	0.0869504015257939
48285	48285	0.0473112478890349
48287	48287	0.153441885045519
48289	48289	0.117638778534898
48291	48291	0.455210925635039
48293	48293	0.171343438300829
48295	48295	0.106130637156484
48297	48297	0.327342688097107
48299	48299	0.216097321439106
48301	48301	0
48303	48303	1
48305	48305	0.0191802356306898
48307	48307	0.0703275306458628
48309	48309	1
48311	48311	0.00639341187689661
48313	48313	0.144491108417863
48315	48315	0.0677701658951041
48317	48317	0.0281310122583451
48319	48319	0.0639341187689661
48321	48321	0.167507391174691
48323	48323	0.978192017165182
48325	48325	0.273638028331175
48327	48327	0.0345244241352417
48329	48329	0.881012156636353
48331	48331	0.583079163172971
48333	48333	0.0102294590030346
48335	48335	0.0779996248981387
48337	48337	0.18796630918076
48339	48339	1
48341	48341	0.300490358214141
48343	48343	0.0473112478890349
48345	48345	0
48347	48347	0.613767540182075
48349	48349	0.297932993463382
48351	48351	0.198195768183795
48353	48353	0.171343438300829
48355	48355	1
48357	48357	0.0818356720242766
48359	48359	0.0204589180060692
48361	48361	0.726291589215455
48363	48363	0.588193892674488
48365	48365	0.184130262054622
48367	48367	0.465440384638073
48369	48369	0.0332457417598624
48371	48371	0.0562620245166902
48373	48373	0.462883019887315
48375	48375	0.939831545903802
48377	48377	0.0319670593844831
48379	48379	0.154720567420898
48381	48381	0.635505140563523
48383	48383	0
48385	48385	0.0549833421413109
48387	48387	0.0895077662765526
48389	48389	0.118917460910277
48391	48391	0.0511472950151729
48393	48393	0
48395	48395	0.416850454373659
48397	48397	0.43347332525359
48399	48399	0.0524259773905522
48401	48401	0.350358970853934
48403	48403	0.13298296703945
48405	48405	0.108688001907242
48407	48407	0.0447538831382763
48409	48409	1
48411	48411	0.0294096946337244
48413	48413	0.0268523298829658
48415	48415	0.196917085808416
48417	48417	0.0370817888860004
48419	48419	0.209703909562209
48421	48421	0.0460325655136556
48423	48423	1
48425	48425	0
48427	48427	0.647013281941937
48429	48429	0.0997372252795872
48431	48431	0.0217376003814485
48433	48433	0.0140655061291725
48435	48435	0.0332457417598624
48437	48437	0.0332457417598624
48439	48439	1
48441	48441	1
48443	48443	0.00383604712613797
48445	48445	0.00127868237537932
48447	48447	0.0153441885045519
48449	48449	0.212261274312968
48451	48451	1
48453	48453	1
48455	48455	0.11380273140876
48457	48457	0.297932993463382
48459	48459	0.193081038682278
48461	48461	0.0268523298829658
48463	48463	0.18924499155614
48465	48465	0.951339687282216
48467	48467	0.253179110325106
48469	48469	0.484620620268763
48471	48471	0.181572897303864
48473	48473	0.259572522202002
48475	48475	0.0613767540182075
48477	48477	0.191802356306898
48479	48479	1
48481	48481	0.328621370472486
48483	48483	0.0920651310273112
48485	48485	0.974355970039044
48487	48487	0.0639341187689661
48489	48489	0.0959011781534492
48491	48491	1
48493	48493	0.182851579679243
48495	48495	0.0549833421413109
48497	48497	0.251900427949727
48499	48499	0.154720567420898
48501	48501	0.0281310122583451
48503	48503	0.172622120676209
48505	48505	0.0409178360121383
48507	48507	0.13298296703945
49001	49001	0.0191802356306898
49003	49003	0.473112478890349
49005	49005	1
49007	49007	0.141933743667105
49009	49009	0.00639341187689661
49011	49011	1
49013	49013	0.0460325655136556
49015	49015	0.0370817888860004
49017	49017	0.0588193892674488
49019	49019	0.439866737130487
49021	49021	0.421965183875177
49023	49023	0.127868237537932
49025	49025	0.126589555162553
49027	49027	0.109966684282622
49029	49029	0.0447538831382763
49031	49031	0.0332457417598624
49033	49033	0.0409178360121383
49035	49035	1
49037	49037	0.0626554363935868
49039	49039	0.317113229094072
49041	49041	0.210982591937588
49043	49043	0.691767165080214
49045	49045	0.701996624083248
49047	49047	0.363145794607728
49049	49049	1
49051	49051	0.230162827568278
49053	49053	1
49055	49055	0.0255736475075865
49057	49057	1
50001	50001	0.323506640970969
50003	50003	0.476948526016487
50005	50005	0.152163202670139
50007	50007	1
50009	50009	0.0511472950151729
50011	50011	0.502522173524074
50013	50013	0.0319670593844831
50015	50015	0.26340856932814
50017	50017	0.318391911469451
50019	50019	0.597144669302144
50021	50021	0.342686876601658
50023	50023	0.423243866250556
50025	50025	0.342686876601658
50027	50027	0.427079913376694
51001	51001	0.274916710706554
51003	51003	0.677701658951041
51005	51005	0.0959011781534492
51007	51007	0.0575407068920695
51009	51009	0.236556239445175
51011	51011	0.237834921820554
51013	51013	1
51015	51015	0.636783822938903
51017	51017	0.0281310122583451
51019	51019	0.484620620268763
51021	51021	0.0383604712613797
51023	51023	0.181572897303864
51025	51025	0.13298296703945
51027	51027	0.0140655061291725
51029	51029	0.221212050940623
51031	51031	0.758258648599938
51033	51033	0.0971798605288285
51035	51035	0.155999249796277
51036	51036	0.0549833421413109
51037	51037	0.329900052847865
51041	51041	1
51043	51043	0.0677701658951041
51045	51045	0.0153441885045519
51047	51047	0.354195017980072
51049	51049	0.157277932171657
51051	51051	0.0102294590030346
51053	51053	0.134261649414829
51057	51057	0.159835296922415
51059	51059	1
51061	51061	0.436030690004349
51063	51063	0.120196143285656
51065	51065	0.0805569896488973
51067	51067	0.333736099974003
51069	51069	0.421965183875177
51071	51071	0.043475200762897
51073	51073	0.135540331790208
51075	51075	0.0421965183875177
51077	51077	0.0818356720242766
51079	51079	0.0895077662765526
51081	51081	0.0511472950151729
51083	51083	0.516587679653246
51085	51085	0.659800105695731
51087	51087	1
51089	51089	0.22632678044214
51091	51091	0.0204589180060692
51093	51093	0.258293839826623
51095	51095	0.446260149007384
51097	51097	0
51099	51099	0.203310497685312
51101	51101	0.0473112478890349
51103	51103	0.083114354399656
51105	51105	0.0383604712613797
51107	51107	1
51109	51109	0.280031440208072
51111	51111	0.179015532553105
51113	51113	0.0511472950151729
51115	51115	0.079278307273518
51117	51117	0.459046972761177
51119	51119	0.0856717191504146
51121	51121	1
51125	51125	0.430915960502832
51127	51127	0.0920651310273112
51131	51131	0.0728848953966214
51133	51133	0.158556614547036
51135	51135	0.363145794607728
51137	51137	0.249343063198968
51139	51139	0.163671344048553
51141	51141	0.276195393081934
51143	51143	0.460325655136556
51145	51145	0.124032190411794
51147	51147	0.360588429856969
51149	51149	0.219933368565244
51153	51153	1
51155	51155	0.373375253610762
51157	51157	0.0370817888860004
51159	51159	0.0217376003814485
51161	51161	0.554948150914626
51163	51163	0.190523673931519
51165	51165	0.543440009536212
51167	51167	0.0575407068920695
51169	51169	0.0319670593844831
51171	51171	0.152163202670139
51173	51173	0.411735724872142
51175	51175	0.185408944430002
51177	51177	0.947503640156078
51179	51179	0.872061380008698
51181	51181	0.00383604712613797
51183	51183	0.0473112478890349
51185	51185	0.121474825661036
51187	51187	0.198195768183795
51191	51191	0.117638778534898
51193	51193	0.125310872787174
51195	51195	0.135540331790208
51197	51197	0.126589555162553
51199	51199	0.381047347863038
51510	51510	1
51515	51515	0.039639153636759
51520	51520	0.232720192319037
51530	51530	0.153441885045519
51540	51540	1
51550	51550	1
51570	51570	0.148327155544001
51580	51580	0.00895077662765526
51590	51590	0.295375628712624
51595	51595	0.0652128011443455
51600	51600	0.0882290839011733
51610	51610	0.236556239445175
51620	51620	0.0779996248981387
51630	51630	0.181572897303864
51640	51640	0.164950026423933
51650	51650	1
51660	51660	0.588193892674488
51670	51670	0.185408944430002
51678	51678	0.106130637156484
51680	51680	0.331178735223245
51683	51683	0.28386748733421
51685	51685	0.244228333697451
51690	51690	0.0703275306458628
51700	51700	1
51710	51710	1
51720	51720	0
51730	51730	0.204589180060692
51735	51735	0.0421965183875177
51740	51740	0.978192017165182
51750	51750	0.0613767540182075
51760	51760	1
51770	51770	0.824750132119663
51775	51775	0.225048098066761
51790	51790	0.267244616454278
51800	51800	0.676422976575662
51810	51810	1
51820	51820	0.352916335604693
51830	51830	0.200753132934554
51840	51840	0.409178360121383
53001	53001	0.26468725170352
53003	53003	0.0971798605288285
53005	53005	1
53007	53007	1
53009	53009	0.941110228279181
53011	53011	1
53013	53013	0.0537046597659316
53015	53015	1
53017	53017	0.951339687282216
53019	53019	0.0294096946337244
53021	53021	0.425801231001314
53023	53023	0.00895077662765526
53025	53025	1
53027	53027	0.543440009536212
53029	53029	0.92576603977463
53031	53031	0.615046222557454
53033	53033	1
53035	53035	1
53037	53037	1
53039	53039	0.116360096159518
53041	53041	0.328621370472486
53043	53043	0.272359345955796
53045	53045	0.345244241352417
53047	53047	0.288982216835727
53049	53049	0.180294214928484
53051	53051	0.0588193892674488
53053	53053	1
53055	53055	0.388719442115314
53057	53057	1
53059	53059	0.0907864486519319
53061	53061	1
53063	53063	1
53065	53065	0.443702784256625
53067	53067	1
53069	53069	0.035803106510621
53071	53071	1
53073	53073	1
53075	53075	0.685373753203317
53077	53077	1
54001	54001	0.0639341187689661
54003	54003	0.447538831382763
54005	54005	0.0306883770091037
54007	54007	0.0179015532553105
54009	54009	0.0115081413784139
54011	54011	1
54013	54013	0
54015	54015	0.0447538831382763
54017	54017	0.0319670593844831
54019	54019	0.296654311088003
54021	54021	0.00383604712613797
54023	54023	0.0345244241352417
54025	54025	0.210982591937588
54027	54027	0.0639341187689661
54029	54029	0.148327155544001
54031	54031	0.0677701658951041
54033	54033	0.322227958595589
54035	54035	0.035803106510621
54037	54037	0.425801231001314
54039	54039	0.745471824846145
54041	54041	0.0473112478890349
54043	54043	0.181572897303864
54045	54045	0.148327155544001
54047	54047	0.0102294590030346
54049	54049	0.347801606103176
54051	54051	0.273638028331175
54053	54053	0.106130637156484
54055	54055	0.258293839826623
54057	54057	0.0997372252795872
54059	54059	0.0294096946337244
54061	54061	0.557505515665385
54063	54063	0.0153441885045519
54065	54065	0.152163202670139
54067	54067	0.0741635777720007
54069	54069	0.337572147100141
54071	54071	0.0179015532553105
54073	54073	0.00767209425227594
54075	54075	0.035803106510621
54077	54077	0.20842522718683
54079	54079	0.043475200762897
54081	54081	0.984585429042078
54083	54083	0.281310122583451
54085	54085	0.0166228708799312
54087	54087	0.00895077662765526
54089	54089	0.0959011781534492
54091	54091	0.109966684282622
54093	54093	0.0690488482704834
54095	54095	0.0319670593844831
54097	54097	0.035803106510621
54099	54099	0.115081413784139
54101	54101	0.0779996248981387
54103	54103	0.0511472950151729
54105	54105	0.0728848953966214
54107	54107	0.45393224325966
54109	54109	0.194359721057657
55001	55001	0.149605837919381
55003	55003	0.195638403433036
55005	55005	0.258293839826623
55007	55007	0.127868237537932
55009	55009	1
55011	55011	0.0818356720242766
55013	55013	0.108688001907242
55015	55015	0.374653935986142
55017	55017	0.749307871972283
55019	55019	0.507636903025591
55021	55021	0.446260149007384
55023	55023	0.0946224957780699
55025	55025	1
55027	55027	0.7173408125878
55029	55029	0.35930974748159
55031	55031	0.507636903025591
55033	55033	0.594587304551385
55035	55035	1
55037	55037	0.035803106510621
55039	55039	1
55041	55041	0.035803106510621
55043	55043	0.663636152821868
55045	55045	0.556226833290005
55047	55047	0.28386748733421
55049	55049	0.221212050940623
55051	55051	0.0242949651322071
55053	55053	0.209703909562209
55055	55055	0.939831545903802
55057	55057	0.212261274312968
55059	55059	1
55061	55061	0.181572897303864
55063	55063	1
55065	55065	0.122753508036415
55067	55067	0.134261649414829
55069	55069	0.157277932171657
55071	55071	0.794061755110559
55073	55073	1
55075	55075	0.365703159358486
55077	55077	0.11380273140876
55078	55078	0.0255736475075865
55079	55079	1
55081	55081	0.696881894581731
55083	55083	0.222490733316002
55085	55085	0.278752757832692
55087	55087	1
55089	55089	0.827307496870422
55091	55091	0.0703275306458628
55093	55093	0.381047347863038
55095	55095	0.199474450559174
55097	55097	1
55099	55099	0.182851579679243
55101	55101	1
55103	55103	0.117638778534898
55105	55105	1
55107	55107	0.104851954781104
55109	55109	0.473112478890349
55111	55111	0.520423726779384
55113	55113	0.107409319531863
55115	55115	0.300490358214141
55117	55117	1
55119	55119	0.32094927622021
55121	55121	0.240392286571313
55123	55123	0.424522548625935
55125	55125	0.262129886952761
55127	55127	1
55129	55129	0.138097696540967
55131	55131	1
55133	55133	1
55135	55135	0.405342312995245
55137	55137	0.227605462817519
55139	55139	1
55141	55141	0.891241615639388
56001	56001	1
56003	56003	0.111245366658001
56005	56005	0.69816057695711
56007	56007	0.18796630918076
56009	56009	0.0728848953966214
56011	56011	0.124032190411794
56013	56013	0.411735724872142
56015	56015	0.153441885045519
56017	56017	0.00639341187689661
56019	56019	0.152163202670139
56021	56021	1
56023	56023	0.07544226014738
56025	56025	0.820914084993525
56027	56027	0.0268523298829658
56029	56029	0.193081038682278
56031	56031	0.0664914835197248
56033	56033	0.329900052847865
56035	56035	0.0524259773905522
56037	56037	0.227605462817519
56039	56039	0.589472575049868
56041	56041	0.18796630918076
56043	56043	0.102294590030346
56045	56045	0.0511472950151729
